File Name,MIoU Prediction 1,MIoU Prediction 2,Delta MIoU
frankfurt_000000_000294_gtFine_labelTrainIds.png,94.97,93.13,-1.84
frankfurt_000000_000576_gtFine_labelTrainIds.png,94.62,93.07,-1.56
frankfurt_000000_001016_gtFine_labelTrainIds.png,93.51,91.59,-1.92
frankfurt_000000_001236_gtFine_labelTrainIds.png,93.85,90.75,-3.09
frankfurt_000000_001751_gtFine_labelTrainIds.png,92.95,93.38,0.43
frankfurt_000000_002196_gtFine_labelTrainIds.png,92.59,94.84,2.25
frankfurt_000000_002963_gtFine_labelTrainIds.png,88.16,88.13,-0.04
frankfurt_000000_003025_gtFine_labelTrainIds.png,96.3,94.59,-1.72
frankfurt_000000_003357_gtFine_labelTrainIds.png,94.1,91.23,-2.86
frankfurt_000000_003920_gtFine_labelTrainIds.png,93.16,88.14,-5.02
frankfurt_000000_004617_gtFine_labelTrainIds.png,95.35,91.54,-3.81
frankfurt_000000_005543_gtFine_labelTrainIds.png,93.02,91.64,-1.38
frankfurt_000000_005898_gtFine_labelTrainIds.png,94.0,91.69,-2.31
frankfurt_000000_006589_gtFine_labelTrainIds.png,92.41,90.2,-2.21
frankfurt_000000_007365_gtFine_labelTrainIds.png,93.45,92.74,-0.71
frankfurt_000000_008206_gtFine_labelTrainIds.png,95.16,90.89,-4.27
frankfurt_000000_008451_gtFine_labelTrainIds.png,93.45,89.38,-4.08
frankfurt_000000_009291_gtFine_labelTrainIds.png,96.05,94.42,-1.63
frankfurt_000000_009561_gtFine_labelTrainIds.png,92.59,92.63,0.04
frankfurt_000000_009688_gtFine_labelTrainIds.png,93.45,84.18,-9.28
frankfurt_000000_009969_gtFine_labelTrainIds.png,94.9,86.22,-8.68
frankfurt_000000_010351_gtFine_labelTrainIds.png,93.98,90.21,-3.77
frankfurt_000000_010763_gtFine_labelTrainIds.png,93.03,86.68,-6.35
frankfurt_000000_011007_gtFine_labelTrainIds.png,94.5,88.41,-6.09
frankfurt_000000_011074_gtFine_labelTrainIds.png,90.2,88.08,-2.12
frankfurt_000000_011461_gtFine_labelTrainIds.png,95.64,92.98,-2.67
frankfurt_000000_011810_gtFine_labelTrainIds.png,94.3,93.19,-1.12
frankfurt_000000_012009_gtFine_labelTrainIds.png,95.03,93.41,-1.63
frankfurt_000000_012121_gtFine_labelTrainIds.png,92.94,90.1,-2.84
frankfurt_000000_012868_gtFine_labelTrainIds.png,92.93,91.49,-1.44
frankfurt_000000_013067_gtFine_labelTrainIds.png,93.49,92.1,-1.39
frankfurt_000000_013240_gtFine_labelTrainIds.png,95.91,93.81,-2.1
frankfurt_000000_013382_gtFine_labelTrainIds.png,94.26,93.6,-0.66
frankfurt_000000_013942_gtFine_labelTrainIds.png,94.78,91.06,-3.73
frankfurt_000000_014480_gtFine_labelTrainIds.png,91.19,89.47,-1.72
frankfurt_000000_015389_gtFine_labelTrainIds.png,93.46,88.82,-4.65
frankfurt_000000_015676_gtFine_labelTrainIds.png,93.76,89.61,-4.15
frankfurt_000000_016005_gtFine_labelTrainIds.png,96.48,88.03,-8.45
frankfurt_000000_016286_gtFine_labelTrainIds.png,94.9,90.74,-4.15
frankfurt_000000_017228_gtFine_labelTrainIds.png,96.03,92.59,-3.43
frankfurt_000000_017476_gtFine_labelTrainIds.png,94.51,91.08,-3.43
frankfurt_000000_018797_gtFine_labelTrainIds.png,92.17,91.81,-0.36
frankfurt_000000_019607_gtFine_labelTrainIds.png,94.33,93.62,-0.71
frankfurt_000000_020215_gtFine_labelTrainIds.png,94.69,89.25,-5.43
frankfurt_000000_020321_gtFine_labelTrainIds.png,94.11,91.26,-2.85
frankfurt_000000_020880_gtFine_labelTrainIds.png,89.41,86.04,-3.37
frankfurt_000000_021667_gtFine_labelTrainIds.png,92.25,90.53,-1.72
frankfurt_000000_021879_gtFine_labelTrainIds.png,95.64,93.19,-2.45
frankfurt_000000_022254_gtFine_labelTrainIds.png,95.13,87.7,-7.43
frankfurt_000000_022797_gtFine_labelTrainIds.png,90.15,87.2,-2.96
frankfurt_000001_000538_gtFine_labelTrainIds.png,92.24,91.24,-1.0
frankfurt_000001_001464_gtFine_labelTrainIds.png,94.16,86.93,-7.23
frankfurt_000001_002512_gtFine_labelTrainIds.png,95.53,85.64,-9.89
frankfurt_000001_002646_gtFine_labelTrainIds.png,95.32,91.73,-3.59
frankfurt_000001_002759_gtFine_labelTrainIds.png,78.02,78.69,0.67
frankfurt_000001_003056_gtFine_labelTrainIds.png,96.36,92.48,-3.87
frankfurt_000001_003588_gtFine_labelTrainIds.png,94.64,94.64,0.0
frankfurt_000001_004327_gtFine_labelTrainIds.png,94.89,89.99,-4.9
frankfurt_000001_004736_gtFine_labelTrainIds.png,96.59,93.82,-2.77
frankfurt_000001_004859_gtFine_labelTrainIds.png,93.94,92.95,-0.99
frankfurt_000001_005184_gtFine_labelTrainIds.png,95.38,93.91,-1.46
frankfurt_000001_005410_gtFine_labelTrainIds.png,93.94,89.51,-4.43
frankfurt_000001_005703_gtFine_labelTrainIds.png,94.34,90.72,-3.63
frankfurt_000001_005898_gtFine_labelTrainIds.png,95.96,93.89,-2.07
frankfurt_000001_007285_gtFine_labelTrainIds.png,93.68,91.24,-2.44
frankfurt_000001_007407_gtFine_labelTrainIds.png,91.06,86.88,-4.18
frankfurt_000001_007622_gtFine_labelTrainIds.png,92.55,89.68,-2.87
frankfurt_000001_007857_gtFine_labelTrainIds.png,94.27,94.25,-0.02
frankfurt_000001_007973_gtFine_labelTrainIds.png,93.63,92.4,-1.23
frankfurt_000001_008200_gtFine_labelTrainIds.png,94.22,92.39,-1.83
frankfurt_000001_008688_gtFine_labelTrainIds.png,93.66,94.0,0.34
frankfurt_000001_009058_gtFine_labelTrainIds.png,95.72,94.29,-1.43
frankfurt_000001_009504_gtFine_labelTrainIds.png,94.21,92.94,-1.27
frankfurt_000001_009854_gtFine_labelTrainIds.png,96.61,93.48,-3.13
frankfurt_000001_010156_gtFine_labelTrainIds.png,90.65,91.24,0.58
frankfurt_000001_010444_gtFine_labelTrainIds.png,92.06,84.54,-7.52
frankfurt_000001_010600_gtFine_labelTrainIds.png,68.84,89.97,21.14
frankfurt_000001_010830_gtFine_labelTrainIds.png,68.23,86.42,18.19
frankfurt_000001_011162_gtFine_labelTrainIds.png,73.55,93.42,19.87
frankfurt_000001_011715_gtFine_labelTrainIds.png,71.48,92.81,21.33
frankfurt_000001_011835_gtFine_labelTrainIds.png,73.42,86.28,12.86
frankfurt_000001_012038_gtFine_labelTrainIds.png,63.09,88.53,25.44
frankfurt_000001_012519_gtFine_labelTrainIds.png,88.06,85.45,-2.61
frankfurt_000001_012699_gtFine_labelTrainIds.png,88.62,85.56,-3.06
frankfurt_000001_012738_gtFine_labelTrainIds.png,88.26,88.68,0.42
frankfurt_000001_012870_gtFine_labelTrainIds.png,90.96,90.72,-0.24
frankfurt_000001_013016_gtFine_labelTrainIds.png,89.91,88.53,-1.38
frankfurt_000001_013496_gtFine_labelTrainIds.png,93.0,85.94,-7.06
frankfurt_000001_013710_gtFine_labelTrainIds.png,86.91,84.63,-2.28
frankfurt_000001_014221_gtFine_labelTrainIds.png,88.63,85.73,-2.9
frankfurt_000001_014406_gtFine_labelTrainIds.png,95.75,92.76,-2.99
frankfurt_000001_014565_gtFine_labelTrainIds.png,93.64,87.18,-6.45
frankfurt_000001_014741_gtFine_labelTrainIds.png,94.26,92.67,-1.58
frankfurt_000001_015091_gtFine_labelTrainIds.png,92.04,90.35,-1.69
frankfurt_000001_015328_gtFine_labelTrainIds.png,94.13,87.2,-6.94
frankfurt_000001_015768_gtFine_labelTrainIds.png,91.75,86.1,-5.65
frankfurt_000001_016029_gtFine_labelTrainIds.png,95.03,90.67,-4.35
frankfurt_000001_016273_gtFine_labelTrainIds.png,92.58,90.82,-1.76
frankfurt_000001_016462_gtFine_labelTrainIds.png,92.39,83.44,-8.95
frankfurt_000001_017101_gtFine_labelTrainIds.png,96.9,93.47,-3.43
frankfurt_000001_017459_gtFine_labelTrainIds.png,80.16,73.38,-6.78
frankfurt_000001_017842_gtFine_labelTrainIds.png,92.92,89.41,-3.51
frankfurt_000001_018113_gtFine_labelTrainIds.png,93.2,93.55,0.35
frankfurt_000001_019698_gtFine_labelTrainIds.png,95.99,92.51,-3.48
frankfurt_000001_019854_gtFine_labelTrainIds.png,96.57,91.06,-5.51
frankfurt_000001_019969_gtFine_labelTrainIds.png,93.6,91.95,-1.65
frankfurt_000001_020046_gtFine_labelTrainIds.png,92.53,91.34,-1.19
frankfurt_000001_020287_gtFine_labelTrainIds.png,94.49,91.84,-2.65
frankfurt_000001_020693_gtFine_labelTrainIds.png,93.8,88.3,-5.5
frankfurt_000001_021406_gtFine_labelTrainIds.png,91.64,88.11,-3.54
frankfurt_000001_021825_gtFine_labelTrainIds.png,93.59,91.19,-2.4
frankfurt_000001_023235_gtFine_labelTrainIds.png,92.51,89.6,-2.91
frankfurt_000001_023369_gtFine_labelTrainIds.png,91.44,89.56,-1.88
frankfurt_000001_023769_gtFine_labelTrainIds.png,95.31,87.82,-7.49
frankfurt_000001_024927_gtFine_labelTrainIds.png,94.78,92.96,-1.82
frankfurt_000001_025512_gtFine_labelTrainIds.png,94.94,89.12,-5.83
frankfurt_000001_025713_gtFine_labelTrainIds.png,94.12,89.74,-4.38
frankfurt_000001_025921_gtFine_labelTrainIds.png,94.34,89.51,-4.84
frankfurt_000001_027325_gtFine_labelTrainIds.png,94.4,92.04,-2.36
frankfurt_000001_028232_gtFine_labelTrainIds.png,93.72,87.08,-6.64
frankfurt_000001_028335_gtFine_labelTrainIds.png,92.79,91.73,-1.06
frankfurt_000001_028590_gtFine_labelTrainIds.png,95.18,92.38,-2.8
frankfurt_000001_028854_gtFine_labelTrainIds.png,92.57,90.13,-2.45
frankfurt_000001_029086_gtFine_labelTrainIds.png,93.62,85.35,-8.27
frankfurt_000001_029236_gtFine_labelTrainIds.png,93.2,91.5,-1.7
frankfurt_000001_029600_gtFine_labelTrainIds.png,89.93,86.32,-3.62
frankfurt_000001_030067_gtFine_labelTrainIds.png,95.25,92.22,-3.04
frankfurt_000001_030310_gtFine_labelTrainIds.png,95.87,91.27,-4.6
frankfurt_000001_030669_gtFine_labelTrainIds.png,93.06,92.15,-0.91
frankfurt_000001_031266_gtFine_labelTrainIds.png,95.89,92.93,-2.97
frankfurt_000001_031416_gtFine_labelTrainIds.png,96.27,92.7,-3.56
frankfurt_000001_032018_gtFine_labelTrainIds.png,91.86,88.92,-2.94
frankfurt_000001_032556_gtFine_labelTrainIds.png,94.79,92.21,-2.58
frankfurt_000001_032711_gtFine_labelTrainIds.png,94.21,94.35,0.14
frankfurt_000001_032942_gtFine_labelTrainIds.png,94.68,91.86,-2.82
frankfurt_000001_033655_gtFine_labelTrainIds.png,93.36,92.22,-1.14
frankfurt_000001_034047_gtFine_labelTrainIds.png,93.35,91.76,-1.59
frankfurt_000001_034816_gtFine_labelTrainIds.png,88.98,81.95,-7.02
frankfurt_000001_035144_gtFine_labelTrainIds.png,89.72,90.89,1.17
frankfurt_000001_035864_gtFine_labelTrainIds.png,96.3,92.87,-3.43
frankfurt_000001_037705_gtFine_labelTrainIds.png,86.45,87.82,1.37
frankfurt_000001_038245_gtFine_labelTrainIds.png,97.38,95.84,-1.55
frankfurt_000001_038418_gtFine_labelTrainIds.png,96.22,95.15,-1.07
frankfurt_000001_038645_gtFine_labelTrainIds.png,90.07,87.5,-2.57
frankfurt_000001_038844_gtFine_labelTrainIds.png,93.23,91.53,-1.7
frankfurt_000001_039895_gtFine_labelTrainIds.png,95.77,92.92,-2.84
frankfurt_000001_040575_gtFine_labelTrainIds.png,94.03,91.27,-2.76
frankfurt_000001_040732_gtFine_labelTrainIds.png,95.17,92.64,-2.54
frankfurt_000001_041074_gtFine_labelTrainIds.png,86.02,81.9,-4.13
frankfurt_000001_041354_gtFine_labelTrainIds.png,84.08,77.75,-6.32
frankfurt_000001_041517_gtFine_labelTrainIds.png,92.24,93.47,1.23
frankfurt_000001_041664_gtFine_labelTrainIds.png,88.03,81.03,-7.0
frankfurt_000001_042098_gtFine_labelTrainIds.png,83.6,81.46,-2.14
frankfurt_000001_042384_gtFine_labelTrainIds.png,93.97,91.37,-2.61
frankfurt_000001_042733_gtFine_labelTrainIds.png,93.6,91.98,-1.62
frankfurt_000001_043395_gtFine_labelTrainIds.png,93.6,92.23,-1.36
frankfurt_000001_043564_gtFine_labelTrainIds.png,90.14,89.5,-0.63
frankfurt_000001_044227_gtFine_labelTrainIds.png,85.27,80.64,-4.63
frankfurt_000001_044413_gtFine_labelTrainIds.png,85.06,81.36,-3.7
frankfurt_000001_044525_gtFine_labelTrainIds.png,96.24,92.32,-3.92
frankfurt_000001_044658_gtFine_labelTrainIds.png,93.76,88.71,-5.06
frankfurt_000001_044787_gtFine_labelTrainIds.png,90.33,83.61,-6.72
frankfurt_000001_046126_gtFine_labelTrainIds.png,95.55,92.39,-3.17
frankfurt_000001_046272_gtFine_labelTrainIds.png,85.37,85.91,0.53
frankfurt_000001_046504_gtFine_labelTrainIds.png,95.01,89.36,-5.65
frankfurt_000001_046779_gtFine_labelTrainIds.png,92.97,89.9,-3.07
frankfurt_000001_047178_gtFine_labelTrainIds.png,93.82,89.72,-4.1
frankfurt_000001_047552_gtFine_labelTrainIds.png,94.15,90.03,-4.11
frankfurt_000001_048196_gtFine_labelTrainIds.png,93.24,88.77,-4.48
frankfurt_000001_048355_gtFine_labelTrainIds.png,92.28,91.57,-0.71
frankfurt_000001_048654_gtFine_labelTrainIds.png,95.66,91.92,-3.75
frankfurt_000001_049078_gtFine_labelTrainIds.png,96.17,87.44,-8.73
frankfurt_000001_049209_gtFine_labelTrainIds.png,95.81,94.34,-1.48
frankfurt_000001_049298_gtFine_labelTrainIds.png,97.03,91.55,-5.49
frankfurt_000001_049698_gtFine_labelTrainIds.png,87.9,84.4,-3.5
frankfurt_000001_049770_gtFine_labelTrainIds.png,86.76,84.54,-2.23
frankfurt_000001_050149_gtFine_labelTrainIds.png,91.68,85.27,-6.41
frankfurt_000001_050686_gtFine_labelTrainIds.png,94.52,88.91,-5.61
frankfurt_000001_051516_gtFine_labelTrainIds.png,91.74,86.51,-5.22
frankfurt_000001_051737_gtFine_labelTrainIds.png,92.45,89.3,-3.15
frankfurt_000001_051807_gtFine_labelTrainIds.png,93.96,92.55,-1.41
frankfurt_000001_052120_gtFine_labelTrainIds.png,93.07,89.15,-3.92
frankfurt_000001_052594_gtFine_labelTrainIds.png,92.66,93.15,0.49
frankfurt_000001_053102_gtFine_labelTrainIds.png,92.22,93.03,0.81
frankfurt_000001_054077_gtFine_labelTrainIds.png,93.57,79.6,-13.97
frankfurt_000001_054219_gtFine_labelTrainIds.png,92.12,90.46,-1.67
frankfurt_000001_054415_gtFine_labelTrainIds.png,93.71,91.22,-2.49
frankfurt_000001_054640_gtFine_labelTrainIds.png,92.7,91.23,-1.46
frankfurt_000001_054884_gtFine_labelTrainIds.png,94.33,90.67,-3.66
frankfurt_000001_055062_gtFine_labelTrainIds.png,94.72,91.98,-2.74
frankfurt_000001_055172_gtFine_labelTrainIds.png,95.61,93.43,-2.18
frankfurt_000001_055306_gtFine_labelTrainIds.png,88.29,87.76,-0.53
frankfurt_000001_055387_gtFine_labelTrainIds.png,93.73,88.78,-4.95
frankfurt_000001_055538_gtFine_labelTrainIds.png,89.38,85.91,-3.47
frankfurt_000001_055603_gtFine_labelTrainIds.png,93.22,87.24,-5.98
frankfurt_000001_055709_gtFine_labelTrainIds.png,91.39,84.76,-6.63
frankfurt_000001_056580_gtFine_labelTrainIds.png,94.17,88.51,-5.67
frankfurt_000001_057181_gtFine_labelTrainIds.png,94.54,86.77,-7.77
frankfurt_000001_057478_gtFine_labelTrainIds.png,95.01,91.55,-3.46
frankfurt_000001_057954_gtFine_labelTrainIds.png,93.08,86.44,-6.64
frankfurt_000001_058057_gtFine_labelTrainIds.png,96.71,94.8,-1.91
frankfurt_000001_058176_gtFine_labelTrainIds.png,96.94,93.81,-3.12
frankfurt_000001_058504_gtFine_labelTrainIds.png,94.65,95.73,1.08
frankfurt_000001_058914_gtFine_labelTrainIds.png,92.77,91.36,-1.41
frankfurt_000001_059119_gtFine_labelTrainIds.png,92.62,92.81,0.19
frankfurt_000001_059642_gtFine_labelTrainIds.png,93.23,93.06,-0.18
frankfurt_000001_059789_gtFine_labelTrainIds.png,91.66,90.89,-0.77
frankfurt_000001_060135_gtFine_labelTrainIds.png,87.9,81.45,-6.45
frankfurt_000001_060422_gtFine_labelTrainIds.png,93.73,94.29,0.56
frankfurt_000001_060545_gtFine_labelTrainIds.png,94.48,93.78,-0.7
frankfurt_000001_060906_gtFine_labelTrainIds.png,93.1,88.73,-4.37
frankfurt_000001_061682_gtFine_labelTrainIds.png,96.19,92.98,-3.21
frankfurt_000001_061763_gtFine_labelTrainIds.png,97.6,93.24,-4.36
frankfurt_000001_062016_gtFine_labelTrainIds.png,95.79,93.61,-2.18
frankfurt_000001_062250_gtFine_labelTrainIds.png,93.36,93.48,0.12
frankfurt_000001_062396_gtFine_labelTrainIds.png,94.86,89.51,-5.35
frankfurt_000001_062509_gtFine_labelTrainIds.png,92.52,94.42,1.9
frankfurt_000001_062653_gtFine_labelTrainIds.png,93.06,90.11,-2.95
frankfurt_000001_062793_gtFine_labelTrainIds.png,95.4,88.85,-6.54
frankfurt_000001_063045_gtFine_labelTrainIds.png,92.63,88.54,-4.1
frankfurt_000001_064130_gtFine_labelTrainIds.png,92.43,93.38,0.95
frankfurt_000001_064305_gtFine_labelTrainIds.png,91.18,88.65,-2.53
frankfurt_000001_064651_gtFine_labelTrainIds.png,95.29,91.77,-3.52
frankfurt_000001_064798_gtFine_labelTrainIds.png,94.87,91.91,-2.96
frankfurt_000001_064925_gtFine_labelTrainIds.png,93.3,89.08,-4.22
frankfurt_000001_065160_gtFine_labelTrainIds.png,96.1,91.44,-4.66
frankfurt_000001_065617_gtFine_labelTrainIds.png,95.54,92.48,-3.06
frankfurt_000001_065850_gtFine_labelTrainIds.png,89.58,87.77,-1.81
frankfurt_000001_066092_gtFine_labelTrainIds.png,94.54,92.1,-2.44
frankfurt_000001_066438_gtFine_labelTrainIds.png,87.02,75.49,-11.53
frankfurt_000001_066574_gtFine_labelTrainIds.png,87.29,80.85,-6.44
frankfurt_000001_066832_gtFine_labelTrainIds.png,95.54,94.25,-1.29
frankfurt_000001_067092_gtFine_labelTrainIds.png,82.13,88.97,6.84
frankfurt_000001_067178_gtFine_labelTrainIds.png,88.83,85.75,-3.08
frankfurt_000001_067295_gtFine_labelTrainIds.png,95.51,92.49,-3.02
frankfurt_000001_067474_gtFine_labelTrainIds.png,97.26,93.96,-3.3
frankfurt_000001_067735_gtFine_labelTrainIds.png,92.93,91.08,-1.84
frankfurt_000001_068063_gtFine_labelTrainIds.png,93.8,89.27,-4.53
frankfurt_000001_068208_gtFine_labelTrainIds.png,93.69,90.01,-3.68
frankfurt_000001_068682_gtFine_labelTrainIds.png,94.01,92.34,-1.67
frankfurt_000001_068772_gtFine_labelTrainIds.png,94.74,91.19,-3.56
frankfurt_000001_069633_gtFine_labelTrainIds.png,94.38,87.86,-6.52
frankfurt_000001_070099_gtFine_labelTrainIds.png,79.54,89.94,10.41
frankfurt_000001_071288_gtFine_labelTrainIds.png,94.48,87.52,-6.96
frankfurt_000001_071781_gtFine_labelTrainIds.png,94.99,89.0,-5.98
frankfurt_000001_072155_gtFine_labelTrainIds.png,94.65,87.05,-7.6
frankfurt_000001_072295_gtFine_labelTrainIds.png,95.87,89.76,-6.11
frankfurt_000001_073088_gtFine_labelTrainIds.png,92.09,91.85,-0.23
frankfurt_000001_073243_gtFine_labelTrainIds.png,92.47,89.23,-3.24
frankfurt_000001_073464_gtFine_labelTrainIds.png,94.34,89.23,-5.11
frankfurt_000001_073911_gtFine_labelTrainIds.png,96.43,91.92,-4.51
frankfurt_000001_075296_gtFine_labelTrainIds.png,90.89,89.51,-1.38
frankfurt_000001_075984_gtFine_labelTrainIds.png,91.02,89.51,-1.51
frankfurt_000001_076502_gtFine_labelTrainIds.png,95.5,92.24,-3.26
frankfurt_000001_077092_gtFine_labelTrainIds.png,93.24,91.97,-1.28
frankfurt_000001_077233_gtFine_labelTrainIds.png,93.25,93.05,-0.21
frankfurt_000001_077434_gtFine_labelTrainIds.png,92.15,90.48,-1.67
frankfurt_000001_078803_gtFine_labelTrainIds.png,90.6,85.44,-5.16
frankfurt_000001_079206_gtFine_labelTrainIds.png,91.47,89.74,-1.74
frankfurt_000001_080091_gtFine_labelTrainIds.png,95.34,93.5,-1.84
frankfurt_000001_080391_gtFine_labelTrainIds.png,93.79,93.24,-0.55
frankfurt_000001_080830_gtFine_labelTrainIds.png,82.64,78.82,-3.82
frankfurt_000001_082087_gtFine_labelTrainIds.png,87.99,87.75,-0.24
frankfurt_000001_082466_gtFine_labelTrainIds.png,94.55,92.03,-2.52
frankfurt_000001_083029_gtFine_labelTrainIds.png,94.87,92.7,-2.17
frankfurt_000001_083199_gtFine_labelTrainIds.png,94.53,91.69,-2.84
frankfurt_000001_083852_gtFine_labelTrainIds.png,91.33,88.33,-3.0
lindau_000000_000019_gtFine_labelTrainIds.png,90.4,90.09,-0.31
lindau_000001_000019_gtFine_labelTrainIds.png,96.01,95.64,-0.37
lindau_000002_000019_gtFine_labelTrainIds.png,95.84,93.94,-1.91
lindau_000003_000019_gtFine_labelTrainIds.png,88.73,93.13,4.4
lindau_000004_000019_gtFine_labelTrainIds.png,89.39,95.85,6.46
lindau_000005_000019_gtFine_labelTrainIds.png,85.3,88.87,3.57
lindau_000006_000019_gtFine_labelTrainIds.png,88.72,92.97,4.26
lindau_000007_000019_gtFine_labelTrainIds.png,89.54,95.33,5.8
lindau_000008_000019_gtFine_labelTrainIds.png,96.21,91.88,-4.33
lindau_000009_000019_gtFine_labelTrainIds.png,93.46,91.45,-2.01
lindau_000010_000019_gtFine_labelTrainIds.png,87.99,86.71,-1.28
lindau_000011_000019_gtFine_labelTrainIds.png,85.97,83.14,-2.83
lindau_000012_000019_gtFine_labelTrainIds.png,79.78,77.29,-2.5
lindau_000013_000019_gtFine_labelTrainIds.png,92.79,91.5,-1.29
lindau_000014_000019_gtFine_labelTrainIds.png,97.21,96.38,-0.83
lindau_000015_000019_gtFine_labelTrainIds.png,96.86,96.41,-0.45
lindau_000016_000019_gtFine_labelTrainIds.png,91.3,96.16,4.86
lindau_000017_000019_gtFine_labelTrainIds.png,93.02,66.54,-26.48
lindau_000018_000019_gtFine_labelTrainIds.png,93.45,73.48,-19.98
lindau_000019_000019_gtFine_labelTrainIds.png,95.29,66.77,-28.52
lindau_000020_000019_gtFine_labelTrainIds.png,82.29,90.97,8.68
lindau_000021_000019_gtFine_labelTrainIds.png,81.24,90.14,8.9
lindau_000022_000019_gtFine_labelTrainIds.png,89.57,94.91,5.34
lindau_000023_000019_gtFine_labelTrainIds.png,68.97,91.57,22.6
lindau_000024_000019_gtFine_labelTrainIds.png,60.86,90.26,29.39
lindau_000025_000019_gtFine_labelTrainIds.png,72.59,90.92,18.33
lindau_000026_000019_gtFine_labelTrainIds.png,75.47,89.65,14.18
lindau_000027_000019_gtFine_labelTrainIds.png,92.14,95.68,3.54
lindau_000028_000019_gtFine_labelTrainIds.png,82.32,94.83,12.51
lindau_000029_000019_gtFine_labelTrainIds.png,84.73,84.51,-0.22
lindau_000030_000019_gtFine_labelTrainIds.png,68.83,94.55,25.72
lindau_000031_000019_gtFine_labelTrainIds.png,63.52,94.2,30.68
lindau_000032_000019_gtFine_labelTrainIds.png,65.67,85.31,19.64
lindau_000033_000019_gtFine_labelTrainIds.png,55.8,93.9,38.1
lindau_000034_000019_gtFine_labelTrainIds.png,88.03,64.45,-23.58
lindau_000035_000019_gtFine_labelTrainIds.png,90.14,53.76,-36.38
lindau_000036_000019_gtFine_labelTrainIds.png,67.3,94.67,27.38
lindau_000037_000019_gtFine_labelTrainIds.png,72.88,94.6,21.72
lindau_000038_000019_gtFine_labelTrainIds.png,68.15,92.86,24.71
lindau_000039_000019_gtFine_labelTrainIds.png,56.93,93.92,36.99
lindau_000040_000019_gtFine_labelTrainIds.png,95.56,73.84,-21.71
lindau_000041_000019_gtFine_labelTrainIds.png,75.73,94.89,19.16
lindau_000042_000019_gtFine_labelTrainIds.png,67.48,81.47,13.99
lindau_000043_000019_gtFine_labelTrainIds.png,69.08,94.72,25.64
lindau_000044_000019_gtFine_labelTrainIds.png,93.65,66.03,-27.63
lindau_000045_000019_gtFine_labelTrainIds.png,91.17,64.64,-26.53
lindau_000046_000019_gtFine_labelTrainIds.png,96.08,64.02,-32.05
lindau_000047_000019_gtFine_labelTrainIds.png,92.06,63.65,-28.41
lindau_000048_000019_gtFine_labelTrainIds.png,92.31,65.47,-26.84
lindau_000049_000019_gtFine_labelTrainIds.png,80.08,65.01,-15.06
lindau_000050_000019_gtFine_labelTrainIds.png,93.52,70.02,-23.5
lindau_000051_000019_gtFine_labelTrainIds.png,83.22,62.75,-20.47
lindau_000052_000019_gtFine_labelTrainIds.png,91.17,60.56,-30.61
lindau_000053_000019_gtFine_labelTrainIds.png,97.84,92.63,-5.22
lindau_000054_000019_gtFine_labelTrainIds.png,89.54,88.27,-1.28
lindau_000055_000019_gtFine_labelTrainIds.png,93.26,88.92,-4.34
lindau_000056_000019_gtFine_labelTrainIds.png,94.05,93.82,-0.23
lindau_000057_000019_gtFine_labelTrainIds.png,84.46,83.49,-0.97
lindau_000058_000019_gtFine_labelTrainIds.png,92.31,97.81,5.5
munster_000000_000019_gtFine_labelTrainIds.png,93.45,93.25,-0.21
munster_000001_000019_gtFine_labelTrainIds.png,93.3,95.71,2.41
munster_000002_000019_gtFine_labelTrainIds.png,95.05,96.11,1.06
munster_000003_000019_gtFine_labelTrainIds.png,92.52,94.8,2.29
munster_000004_000019_gtFine_labelTrainIds.png,92.12,92.9,0.79
munster_000005_000019_gtFine_labelTrainIds.png,95.57,95.99,0.42
munster_000006_000019_gtFine_labelTrainIds.png,96.12,95.22,-0.9
munster_000007_000019_gtFine_labelTrainIds.png,94.52,94.44,-0.08
munster_000008_000019_gtFine_labelTrainIds.png,96.64,95.68,-0.95
munster_000009_000019_gtFine_labelTrainIds.png,96.0,94.95,-1.05
munster_000010_000019_gtFine_labelTrainIds.png,94.61,93.47,-1.14
munster_000011_000019_gtFine_labelTrainIds.png,95.99,93.16,-2.83
munster_000012_000019_gtFine_labelTrainIds.png,93.64,94.83,1.19
munster_000013_000019_gtFine_labelTrainIds.png,94.57,93.98,-0.59
munster_000014_000019_gtFine_labelTrainIds.png,94.25,95.33,1.09
munster_000015_000019_gtFine_labelTrainIds.png,96.73,94.47,-2.26
munster_000016_000019_gtFine_labelTrainIds.png,96.61,93.43,-3.18
munster_000017_000019_gtFine_labelTrainIds.png,96.2,92.37,-3.84
munster_000018_000019_gtFine_labelTrainIds.png,91.0,92.62,1.61
munster_000019_000019_gtFine_labelTrainIds.png,95.71,95.1,-0.61
munster_000020_000019_gtFine_labelTrainIds.png,93.99,95.71,1.71
munster_000021_000019_gtFine_labelTrainIds.png,90.91,88.36,-2.55
munster_000022_000019_gtFine_labelTrainIds.png,93.55,94.87,1.32
munster_000023_000019_gtFine_labelTrainIds.png,94.29,93.75,-0.54
munster_000024_000019_gtFine_labelTrainIds.png,95.33,96.04,0.71
munster_000025_000019_gtFine_labelTrainIds.png,91.81,93.43,1.63
munster_000026_000019_gtFine_labelTrainIds.png,92.5,91.68,-0.82
munster_000027_000019_gtFine_labelTrainIds.png,96.55,95.44,-1.11
munster_000028_000019_gtFine_labelTrainIds.png,95.43,95.6,0.17
munster_000029_000019_gtFine_labelTrainIds.png,95.2,94.29,-0.91
munster_000030_000019_gtFine_labelTrainIds.png,94.19,92.17,-2.02
munster_000031_000019_gtFine_labelTrainIds.png,94.61,92.93,-1.69
munster_000032_000019_gtFine_labelTrainIds.png,95.33,95.31,-0.02
munster_000033_000019_gtFine_labelTrainIds.png,95.31,93.39,-1.92
munster_000034_000019_gtFine_labelTrainIds.png,93.29,94.01,0.72
munster_000035_000019_gtFine_labelTrainIds.png,96.96,94.88,-2.07
munster_000036_000019_gtFine_labelTrainIds.png,96.55,95.82,-0.73
munster_000037_000019_gtFine_labelTrainIds.png,94.28,93.41,-0.87
munster_000038_000019_gtFine_labelTrainIds.png,92.99,93.84,0.85
munster_000039_000019_gtFine_labelTrainIds.png,93.99,93.69,-0.3
munster_000040_000019_gtFine_labelTrainIds.png,94.52,94.72,0.2
munster_000041_000019_gtFine_labelTrainIds.png,55.02,94.93,39.91
munster_000042_000019_gtFine_labelTrainIds.png,63.69,93.71,30.02
munster_000043_000019_gtFine_labelTrainIds.png,96.42,95.25,-1.18
munster_000044_000019_gtFine_labelTrainIds.png,94.73,93.86,-0.88
munster_000045_000019_gtFine_labelTrainIds.png,95.59,94.41,-1.17
munster_000046_000019_gtFine_labelTrainIds.png,94.44,93.05,-1.39
munster_000047_000019_gtFine_labelTrainIds.png,96.57,93.47,-3.09
munster_000048_000019_gtFine_labelTrainIds.png,96.48,94.22,-2.26
munster_000049_000019_gtFine_labelTrainIds.png,92.65,95.05,2.39
munster_000050_000019_gtFine_labelTrainIds.png,95.48,94.4,-1.08
munster_000051_000019_gtFine_labelTrainIds.png,94.29,95.83,1.54
munster_000052_000019_gtFine_labelTrainIds.png,95.65,93.63,-2.02
munster_000053_000019_gtFine_labelTrainIds.png,95.02,93.3,-1.72
munster_000054_000019_gtFine_labelTrainIds.png,95.77,94.09,-1.68
munster_000055_000019_gtFine_labelTrainIds.png,96.63,94.35,-2.29
munster_000056_000019_gtFine_labelTrainIds.png,96.14,95.02,-1.12
munster_000057_000019_gtFine_labelTrainIds.png,96.03,94.84,-1.19
munster_000058_000019_gtFine_labelTrainIds.png,93.76,95.24,1.49
munster_000059_000019_gtFine_labelTrainIds.png,91.32,92.01,0.69
munster_000060_000019_gtFine_labelTrainIds.png,94.52,94.36,-0.16
munster_000061_000019_gtFine_labelTrainIds.png,94.62,92.64,-1.97
munster_000062_000019_gtFine_labelTrainIds.png,94.82,93.74,-1.09
munster_000063_000019_gtFine_labelTrainIds.png,96.73,93.84,-2.9
munster_000064_000019_gtFine_labelTrainIds.png,96.57,95.61,-0.96
munster_000065_000019_gtFine_labelTrainIds.png,96.1,91.01,-5.09
munster_000066_000019_gtFine_labelTrainIds.png,86.58,93.43,6.86
munster_000067_000019_gtFine_labelTrainIds.png,95.9,95.68,-0.22
munster_000068_000019_gtFine_labelTrainIds.png,90.55,94.38,3.82
munster_000069_000019_gtFine_labelTrainIds.png,93.26,93.78,0.52
munster_000070_000019_gtFine_labelTrainIds.png,94.5,94.79,0.29
munster_000071_000019_gtFine_labelTrainIds.png,95.59,93.88,-1.7
munster_000072_000019_gtFine_labelTrainIds.png,94.07,94.99,0.92
munster_000073_000019_gtFine_labelTrainIds.png,96.17,95.82,-0.35
munster_000074_000019_gtFine_labelTrainIds.png,96.22,95.78,-0.44
munster_000075_000019_gtFine_labelTrainIds.png,96.15,95.77,-0.38
munster_000076_000019_gtFine_labelTrainIds.png,94.24,94.93,0.69
munster_000077_000019_gtFine_labelTrainIds.png,85.54,89.78,4.24
munster_000078_000019_gtFine_labelTrainIds.png,93.69,93.88,0.2
munster_000079_000019_gtFine_labelTrainIds.png,94.85,95.85,1.0
munster_000080_000019_gtFine_labelTrainIds.png,95.05,96.28,1.23
munster_000081_000019_gtFine_labelTrainIds.png,95.73,94.37,-1.36
munster_000082_000019_gtFine_labelTrainIds.png,70.16,97.43,27.27
munster_000083_000019_gtFine_labelTrainIds.png,96.57,95.45,-1.12
munster_000084_000019_gtFine_labelTrainIds.png,94.77,93.69,-1.08
munster_000085_000019_gtFine_labelTrainIds.png,96.39,92.79,-3.6
munster_000086_000019_gtFine_labelTrainIds.png,95.04,95.58,0.54
munster_000087_000019_gtFine_labelTrainIds.png,95.88,95.67,-0.2
munster_000088_000019_gtFine_labelTrainIds.png,94.23,96.58,2.35
munster_000089_000019_gtFine_labelTrainIds.png,93.4,95.56,2.16
munster_000090_000019_gtFine_labelTrainIds.png,91.88,95.98,4.1
munster_000091_000019_gtFine_labelTrainIds.png,96.03,95.66,-0.38
munster_000092_000019_gtFine_labelTrainIds.png,96.68,89.53,-7.15
munster_000093_000019_gtFine_labelTrainIds.png,92.81,95.34,2.53
munster_000094_000019_gtFine_labelTrainIds.png,95.35,95.2,-0.16
munster_000095_000019_gtFine_labelTrainIds.png,94.53,93.78,-0.74
munster_000096_000019_gtFine_labelTrainIds.png,95.45,94.6,-0.84
munster_000097_000019_gtFine_labelTrainIds.png,95.34,93.73,-1.6
munster_000098_000019_gtFine_labelTrainIds.png,96.68,94.89,-1.79
munster_000099_000019_gtFine_labelTrainIds.png,96.92,95.59,-1.33
munster_000100_000019_gtFine_labelTrainIds.png,91.35,94.06,2.71
munster_000101_000019_gtFine_labelTrainIds.png,95.05,95.63,0.58
munster_000102_000019_gtFine_labelTrainIds.png,95.25,94.97,-0.28
munster_000103_000019_gtFine_labelTrainIds.png,94.79,96.5,1.71
munster_000104_000019_gtFine_labelTrainIds.png,93.16,95.47,2.32
munster_000105_000019_gtFine_labelTrainIds.png,82.63,81.77,-0.86
munster_000106_000019_gtFine_labelTrainIds.png,94.94,96.34,1.4
munster_000107_000019_gtFine_labelTrainIds.png,94.23,96.91,2.68
munster_000108_000019_gtFine_labelTrainIds.png,95.05,95.78,0.73
munster_000109_000019_gtFine_labelTrainIds.png,94.16,95.48,1.31
munster_000110_000019_gtFine_labelTrainIds.png,94.87,94.16,-0.71
munster_000111_000019_gtFine_labelTrainIds.png,96.14,94.82,-1.32
munster_000112_000019_gtFine_labelTrainIds.png,96.51,94.97,-1.53
munster_000113_000019_gtFine_labelTrainIds.png,95.75,94.95,-0.8
munster_000114_000019_gtFine_labelTrainIds.png,94.47,94.83,0.37
munster_000115_000019_gtFine_labelTrainIds.png,95.47,93.2,-2.26
munster_000116_000019_gtFine_labelTrainIds.png,94.96,96.59,1.63
munster_000117_000019_gtFine_labelTrainIds.png,92.31,96.83,4.52
munster_000118_000019_gtFine_labelTrainIds.png,93.16,95.92,2.77
munster_000119_000019_gtFine_labelTrainIds.png,95.64,92.62,-3.02
munster_000120_000019_gtFine_labelTrainIds.png,95.75,94.44,-1.31
munster_000121_000019_gtFine_labelTrainIds.png,92.44,96.8,4.37
munster_000122_000019_gtFine_labelTrainIds.png,80.85,92.58,11.74
munster_000123_000019_gtFine_labelTrainIds.png,94.99,94.22,-0.77
munster_000124_000019_gtFine_labelTrainIds.png,92.94,94.09,1.15
munster_000125_000019_gtFine_labelTrainIds.png,95.62,91.68,-3.95
munster_000126_000019_gtFine_labelTrainIds.png,93.86,95.03,1.17
munster_000127_000019_gtFine_labelTrainIds.png,95.04,94.27,-0.77
munster_000128_000019_gtFine_labelTrainIds.png,89.8,94.54,4.74
munster_000129_000019_gtFine_labelTrainIds.png,91.16,94.28,3.12
munster_000130_000019_gtFine_labelTrainIds.png,85.45,89.4,3.94
munster_000131_000019_gtFine_labelTrainIds.png,95.05,92.03,-3.02
munster_000132_000019_gtFine_labelTrainIds.png,93.57,96.83,3.25
munster_000133_000019_gtFine_labelTrainIds.png,95.52,65.17,-30.35
munster_000134_000019_gtFine_labelTrainIds.png,94.98,96.01,1.03
munster_000135_000019_gtFine_labelTrainIds.png,96.21,95.03,-1.18
munster_000136_000019_gtFine_labelTrainIds.png,93.77,93.3,-0.47
munster_000137_000019_gtFine_labelTrainIds.png,94.69,96.22,1.53
munster_000138_000019_gtFine_labelTrainIds.png,92.37,94.41,2.04
munster_000139_000019_gtFine_labelTrainIds.png,67.37,92.39,25.02
munster_000140_000019_gtFine_labelTrainIds.png,69.57,96.72,27.16
munster_000141_000019_gtFine_labelTrainIds.png,64.05,95.83,31.78
munster_000142_000019_gtFine_labelTrainIds.png,67.79,97.17,29.38
munster_000143_000019_gtFine_labelTrainIds.png,64.27,94.51,30.25
munster_000144_000019_gtFine_labelTrainIds.png,58.75,95.88,37.14
munster_000145_000019_gtFine_labelTrainIds.png,54.27,94.32,40.05
munster_000146_000019_gtFine_labelTrainIds.png,55.57,88.03,32.46
munster_000147_000019_gtFine_labelTrainIds.png,61.01,96.53,35.52
munster_000148_000019_gtFine_labelTrainIds.png,92.73,64.52,-28.21
munster_000149_000019_gtFine_labelTrainIds.png,68.43,96.23,27.8
munster_000150_000019_gtFine_labelTrainIds.png,73.69,97.13,23.43
munster_000151_000019_gtFine_labelTrainIds.png,67.44,94.82,27.38
munster_000152_000019_gtFine_labelTrainIds.png,70.32,94.4,24.08
munster_000153_000019_gtFine_labelTrainIds.png,61.06,93.6,32.54
munster_000154_000019_gtFine_labelTrainIds.png,94.76,94.49,-0.27
munster_000155_000019_gtFine_labelTrainIds.png,93.07,94.56,1.49
munster_000156_000019_gtFine_labelTrainIds.png,94.49,94.9,0.41
munster_000157_000019_gtFine_labelTrainIds.png,95.93,95.57,-0.36
munster_000158_000019_gtFine_labelTrainIds.png,95.43,97.05,1.63
munster_000159_000019_gtFine_labelTrainIds.png,90.65,91.05,0.4
munster_000160_000019_gtFine_labelTrainIds.png,96.28,96.35,0.07
munster_000161_000019_gtFine_labelTrainIds.png,96.67,95.8,-0.87
munster_000162_000019_gtFine_labelTrainIds.png,95.75,94.31,-1.44
munster_000163_000019_gtFine_labelTrainIds.png,96.31,95.87,-0.44
munster_000164_000019_gtFine_labelTrainIds.png,95.61,96.51,0.9
munster_000165_000019_gtFine_labelTrainIds.png,94.71,94.36,-0.35
munster_000166_000019_gtFine_labelTrainIds.png,94.45,95.59,1.14
munster_000167_000019_gtFine_labelTrainIds.png,94.51,92.3,-2.21
munster_000168_000019_gtFine_labelTrainIds.png,94.42,96.54,2.12
munster_000169_000019_gtFine_labelTrainIds.png,91.75,92.7,0.95
munster_000170_000019_gtFine_labelTrainIds.png,94.09,95.88,1.79
munster_000171_000019_gtFine_labelTrainIds.png,86.28,90.45,4.17
munster_000172_000019_gtFine_labelTrainIds.png,94.67,96.25,1.57
munster_000173_000019_gtFine_labelTrainIds.png,82.72,92.83,10.11
